ID,Name
1,SjcCTg
2,gvNaLO
3,sJBaPT
4,QaQVbS
5,IeluOk
6,eQbumE
7,CnVdZx
8,JPGVbF
9,jaIttn
10,qHNEru
11,VhCesW
12,JkYHhx
13,oJBPQD
14,VKgDDr
15,MrPfhY
16,Eetrsa
17,iJzqpv
18,XLyTST
19,oVNOIX
20,dkrrNJ
21,InRLbV
22,pbsoJZ
23,TLfvxQ
24,TUBuPf
25,IoRtUn
26,IqzcDf
27,DWgicC
28,SJGSeO
29,lxbpEH
30,RDLEmC
31,TOLLQd
32,cytrtC
33,ovimPl
34,NDErAE
35,SFhoej
36,BYsRjy
37,COiUpZ
38,bbyJyh
39,OUQaXi
40,zqAtjY
41,VAlDoh
42,XMjIYp
43,XbbDXT
44,VckpSs
45,mErnZr
46,EWGcCR
47,CwPqgd
48,ZBUEKg
49,iRmUCG
50,WnDfLW
51,RvdZvR
52,UlLlET
53,VeHNto
54,BxzJPU
55,bycYgU
56,kVeTmj
57,qDFcHH
58,mdqYns
59,vqRSJy
60,SJcsHw
61,etLGXg
62,HjcUFO
63,tCfSOr
64,RJDfBd
65,ROoxGJ
66,qubMrd
67,FXbEDz
68,YproUw
69,oVCqBg
70,qPwahG
71,TcMvCX
72,VfcLtJ
73,LjKgEv
74,ZXmxhg
75,lRdMtO
76,oBSvuB
77,sPYwdH
78,NcoCYd
79,zVoFay
80,gIIcuu
81,ypObfE
82,WFQqQy
83,QDbfoe
84,iWdHIl
85,KsTjDE
86,vKQLAI
87,RFiIRf
88,ySlmZG
89,anXDOx
90,jNuEkC
91,uWivky
92,SJRXZW
93,TMzUpL
94,uHnxtm
95,vkybTc
96,jKqccq
97,TRNEJn
98,ZgmVDr
99,FZMBCx
100,aEjvgl
101,YYoppH
102,CmMqyG
103,VTfrni
104,HFAaZT
105,aezCsi
106,VTaLlV
107,kuabKo
108,kpzzTK
109,kmMIVO
110,kugSfW
111,aZSvRQ
112,lZquOq
113,AYfXJr
114,ecSMrT
115,pZwPMp
116,tsCvBb
117,FpZmrq
118,TkZbLd
119,gASEJy
120,POfluG
121,QFHaye
122,RYeQzs
123,dBchWl
124,LsjtVi
125,tPIwPW
126,sdMMvz
127,FOwNTK
128,cUaggx
129,zbIEvj
130,OuRaDI
131,tATqNw
132,LbthMX
133,rFLNtt
134,vTCyDn
135,tRxIwS
136,qqDRpC
137,OMvXjN
138,PjAbLI
139,nCQJbv
140,czTgAf
141,aOyovq
142,KhFJKE
143,PWJGfU
144,mxTvnb
145,TeWPeW
146,JNjJyU
147,mydLou
148,lIFpxF
149,wMrRkZ
150,FQuRzV
151,nlOdCN
152,qCMoTR
153,iJuxLt
154,ISTyEY
155,KLfZEu
156,ubxPzv
157,XDbZKw
158,bXsUPR
159,chSPzv
160,sUMsnb
161,QcBGLd
162,aYXHNL
163,iupkjE
164,ZEtZxc
165,kfdRCb
166,nnIFgW
167,WtTdfM
168,tqZgtT
169,ohHJpa
170,PSXdqv
171,YOdYIc
172,yBBibj
173,rsYXKG
174,EhqdLo
175,NweZYi
176,xkMsBe
177,aedXXp
178,GOkOWx
179,CcKuxX
180,RDXbCB
181,hsCAjP
182,IktlcN
183,jnkKGC
184,ftbEvS
185,SNaLFo
186,aeaYev
187,dHolRG
188,wANcrF
189,KTKbpM
190,prGhNA
191,MCXPJM
192,LTWlkf
193,PzALXj
194,UzNWkd
195,rGgIcf
196,TQhrHW
197,hUkYKE
198,uXmXVZ
199,YoWjzX
200,eGBukR
201,qnIMeF
202,gOugPd
203,qfcMsL
204,wKzKGu
205,ZRCCqf
206,tWmvcs
207,ASEHjx
208,ZUJNUx
209,qhQlnK
210,dtuPUy
211,MpzLSB
212,iTrRdR
213,jjWtQK
214,dFFRyK
215,FfmFIh
216,DlYbog
217,TjNFTx
218,DHFOJL
219,xlSrmc
220,nmkUnb
221,QmxfLI
222,ljyeBm
223,EwuYEX
224,ZsEVdh
225,lsLhnF
226,blGoHJ
227,FvqiVf
228,MiZVAR
229,HKCpZr
230,ssJmWl
231,vrdddm
232,cvSYKi
233,OkYUMV
234,JBGnGp
235,LqkHgU
236,kLoVYf
237,AKJrJj
238,iZIwvx
239,BgVApG
240,owSWAh
241,jmfhaY
242,fBxTKs
243,cgvMed
244,bIinDB
245,dEmuCW
246,gDLpvG
247,IFojqb
248,txvCJV
249,jIKSRp
250,rugIcn
251,lrYoDw
252,OFqrXD
253,rauUYF
254,rVTvMq
255,BScEav
256,pgdPUZ
257,zbryTf
258,jDDRxL
259,UwgrWY
260,cwcfUJ
261,WwTpwD
262,fkqJoI
263,XXLxhR
264,yRSHzP
265,BWyHog
266,KPhyAj
267,YMmCdd
268,rOwaLD
269,TpYpSQ
270,DQsBuI
271,bzTQUm
272,qcRuJC
273,TrYXMI
274,hWPgNY
275,WpAAcY
276,CiJmmE
277,zapwyt
278,HPfwaA
279,AvMqIs
280,ZMzrtc
281,uADfBk
282,RqTmNo
283,OojnPn
284,bmAowF
285,uUnAVk
286,LjHOaU
287,HKnvxX
288,FAvHPi
289,STpEJF
290,Urclxg
291,gwJruw
292,HRDpyX
293,bGgrYA
294,ytrJtN
295,keZxCx
296,snBPkN
297,oPcIku
298,pdcOmD
299,eRiufJ
300,GIPKbl
301,yygWJj
302,rAqtKg
303,BAdCnL
304,ivIVpE
305,Sipcec
306,ATyvbR
307,MCBuNg
308,lGAOrt
309,ILBBYT
310,GCmSmV
311,WwTUyq
312,LbvUCE
313,UWNoIP
314,zwZBnt
315,zrMbUZ
316,WPcUWz
317,guBdrQ
318,HxGdCz
319,XiaURS
320,CuNKgl
321,yKuAlC
322,CZiAmI
323,zoGIkC
324,YrVtXh
325,lcuZUO
326,aXNfej
327,mGJNru
328,kwATYM
329,bzschb
330,aCovoI
331,TgYBDQ
332,bXgImX
333,qWXFcf
334,fayVfS
335,BfollH
336,rKPxkQ
337,SSvSiF
338,eidBGz
339,gQPNnk
340,ItAQEu
341,qPnQXm
342,wCxnwt
343,xMTaQE
344,ixamya
345,BSrMXT
346,ejAJGl
347,MIQdDu
348,xoqAbW
349,VePosS
350,DNguLz
351,yDIAiF
352,liZiCK
353,vxrUXz
354,eKqFBL
355,MrhgcP
356,FUKUDy
357,Bfjctm
358,nHCoJY
359,oiisYU
360,thLyzI
361,PPnwrW
362,atrDLq
363,RtzmhU
364,QrpCYJ
365,atPVmR
366,vnHWKL
367,xMsthC
368,iYFaMC
369,wrECGU
370,czqiQX
371,FiDRNM
372,JRlHfB
373,oJpgzw
374,RaWJbC
375,YmtvAn
376,sZcmsu
377,vrGOIo
378,hMPryC
379,xrNQSb
380,oBfiRW
381,dezxlU
382,gsgpMY
383,XxcGxR
384,bNOHqW
385,Wepxhy
386,uyblCx
387,wErOSH
388,qEgYTN
389,eoqeUH
390,ajKJZU
391,hsogdt
392,hzywQv
393,OkJEkW
394,XlVTqi
395,xTITdj
396,oGiLEt
397,ZitOHz
398,JgPLAE
399,MDjRkw
400,nuBiWt
401,hZzxuj
402,qiEvbI
403,whpJdv
404,XFaIHx
405,LLrdXP
406,FTKmaF
407,BayVlv
408,msvWqt
409,jgvvMc
410,lAFyri
411,GyoMVd
412,UOTUIW
413,KvguUa
414,XnNRIa
415,Okklsm
416,gCFkUa
417,kkPGiu
418,odGCtV
419,jSdMMs
420,NtCDYh
421,dFJsYq
422,oHfEjr
423,UrWThm
424,mTDaYd
425,JMJEnx
426,jTBhPL
427,tILxOb
428,qioDwt
429,ULWoBQ
430,OQRDyJ
431,IPwMgv
432,XvMrQa
433,ZsZHVr
434,XSXyoj
435,ADBRQy
436,yeOHLv
437,gVVnRg
438,bANNcH
439,LsKqQK
440,JhFNcI
441,tYtnQS
442,qdqyYr
443,EJQZzO
444,uwqYxr
445,TGhGpX
446,KlqCTj
447,nWnMcy
448,nQjiDW
449,iugoGy
450,IAimyA
451,IMcWou
452,XZBTfa
453,aiEgDT
454,rDzVGz
455,OuLIiV
456,wlXAAE
457,AMisNJ
458,YcjHQW
459,FJHwGB
460,ejvYHL
461,LMJoCk
462,dbuTHP
463,UljcKZ
464,HaNwRm
465,ARBZpr
466,RPxUty
467,EfoSqC
468,EyAKDp
469,WnaHXD
470,qMWGnB
471,Edebll
472,WXlDKa
473,iitxtD
474,xtnBHa
475,SFgRPS
476,qtLidV
477,EZegDt
478,uGXYvJ
479,KBOPQJ
480,xguAiX
481,YzhWSd
482,lBwonA
483,IKszMH
484,lNERaP
485,lhGJAD
486,CMqOqR
487,tJLpma
488,QMBGjH
489,TSywqF
490,iCSwCq
491,nTZOfh
492,LOpSLE
493,qenaRJ
494,AsRero
495,NqHjwR
496,hXEfrc
497,BsRCAi
498,ffkEuW
499,hbBjmj
500,vNwmkM
501,avqzWM
502,BCjDsX
503,HVqXYB
504,tULaVM
505,UqJVOx
506,lohBTT
507,wIgOCN
508,vJMvBF
509,pGfcRI
510,LRSCeM
511,arAxAN
512,wOzTLr
513,RcZvtp
514,weYcxy
515,UWhkBF
516,fFxseB
517,DMNhmQ
518,hIKwfT
519,TqIIhu
520,fGfOKB
521,EqZomW
522,DARKQj
523,zkHAcw
524,kBjVGf
525,GFyarl
526,wVeUNQ
527,MyFuHI
528,qsztXh
529,gPrFLO
530,RTNYiq
531,THQCfI
532,GrQZOS
533,ZGYkcF
534,kUmaDm
535,jbJCHH
536,KQOqlo
537,QtbgYH
538,rOSxMJ
539,IELnoD
540,CnupkN
541,OCjCsy
542,yQUCjR
543,dvXKOM
544,nBZsVn
545,XWNXJG
546,GeTaOp
547,idthhJ
548,uDnpVf
549,nTAcBB
550,vkZOCe
551,lqXrUB
552,EWxOkF
553,VnqtCe
554,ZsIWrL
555,IinkcP
556,JLokzF
557,gBTeLQ
558,vIEQdp
559,TeHdEt
560,bnwxpA
561,BudDAm
562,TNuUJl
563,TSfUtX
564,NYDwOa
565,mxEZzl
566,yLSpKP
567,TRZyTG
568,XKvcsD
569,cpsxHq
570,iuBiXv
571,VPjcyF
572,jbqeYD
573,EwkMaT
574,rOGCPV
575,LJxZda
576,teOfar
577,MURTWi
578,kzCQBh
579,MWqDVd
580,GhOsGQ
581,tkWhFN
582,KgrWHf
583,AhZCDP
584,CoWmUK
585,MUXCYx
586,ZByTyy
587,gwKMCd
588,nefPOz
589,xrcEYl
590,ROYpvt
591,avPVgM
592,WWuFiA
593,SDBHyq
594,zmDNDW
595,sthVMN
596,fWKrxY
597,hcRmdB
598,eQHQih
599,MUgdAi
600,URunUW
601,FsaDaP
602,URBKdX
603,yuZbPJ
604,WBwNWT
605,LOItPk
606,wpwxDT
607,zlqVSd
608,WqMpKy
609,AJBtAP
610,OVLWrq
611,ZykMaV
612,gGMuHm
613,SztKtw
614,uvPyyl
615,LMtwOP
616,IibVaC
617,AILdNh
618,smQgbC
619,aHcsDZ
620,TPWRuI
621,IGRwge
622,LngVEq
623,oGTMTO
624,dFYseS
625,BXwbTW
626,giPVtm
627,RfDrVu
628,NMEebs
629,kgJqCv
630,DetnrH
631,knUCDq
632,WAKdsF
633,tXrbMA
634,SDkqUE
635,DttGRH
636,FJWRpO
637,MbwDcW
638,wxRkIQ
639,HBDdQJ
640,TbbglK
641,bOazNu
642,TSsYsv
643,BEjUCA
644,cQLYPz
645,WWcPsK
646,evdxxX
647,mNgiYH
648,zwcnKy
649,bIgZeE
650,qcbhoF
651,xVVVTy
652,rdLQZT
653,UBRNPo
654,XQmkTv
655,LhOriC
656,NYgNlx
657,bHVHTY
658,wwJYnz
659,DXzziV
660,SJFHJU
661,rsSiDg
662,lKFCWJ
663,aNRCYg
664,ffHAIt
665,pdunRJ
666,HfwOPs
667,gTicKo
668,fPOlvi
669,TkVjxU
670,vjfmmY
671,cdlbnq
672,pmeYaT
673,mBJWAr
674,wYLblR
675,qTLIyT
676,MpHRzF
677,MbrGqe
678,bTqrlU
679,EoERAN
680,IdSUvS
681,bGPdGs
682,dTWrzX
683,aUdLfT
684,fFCKqh
685,OBZZXt
686,RwCqvF
687,qKRwyW
688,grvzzr
689,TaDnNd
690,dCWoqE
691,AnFwcX
692,IXQaxc
693,oEuEDd
694,nnXJli
695,qIiIry
696,xzbIRZ
697,cvJaYq
698,PwPfKL
699,ydqFAX
700,BpnltD
701,OjcIzR
702,voPFXD
703,tRybWa
704,DGLdDr
705,NaazEU
706,djQQpa
707,Zliuzb
708,floghH
709,UXOaVo
710,fkoVDU
711,tpxLCb
712,FeKliI
713,sjuqtb
714,MZCtSJ
715,hOXxIA
716,ybdXlp
717,YdIRnT
718,VBQKYp
719,ldLLMT
720,dsNsRb
721,VEFqbk
722,limwCi
723,eRuAqN
724,WIZRFH
725,DrPhsn
726,VKNgDh
727,OGlKOY
728,AYSuAU
729,yHQXqQ
730,EHvpGs
731,yHsFPd
732,zUfXHG
733,dAnOET
734,SgRcEb
735,RcqaJc
736,rKRwoD
737,ITLjWc
738,KuweoY
739,KSewGZ
740,rNrQEf
741,XsuIqg
742,WRrBox
743,rGhNVw
744,CIrtDI
745,EOvoZY
746,TnkROF
747,WdwRyZ
748,xsLYBw
749,yTkzgM
750,GBEKbh
751,YRqcrq
752,XllEWc
753,yKRPgx
754,IGkvik
755,moQEJJ
756,GYnSQe
757,pOudUg
758,XmrQkT
759,LWhlaj
760,nUKfDL
761,pVNuOs
762,NHShPa
763,XojDWw
764,qizCxc
765,itjKVI
766,ihYumA
767,dAsdaI
768,tJaKBq
769,LsNcPb
770,rvoAGz
771,DDhwjX
772,ujrhQl
773,ntLMOT
774,ucKBgx
775,BtOKyL
776,KkxQLM
777,VgDAzw
778,XGquQg
779,ExLRNK
780,FnsKQK
781,GFFSHT
782,GDjGPc
783,gTpXms
784,QZkJgY
785,AmHJxA
786,IsJkRk
787,onvuDT
788,GkzTYn
789,yMCqml
790,RYcmMy
791,fYbnpt
792,SiJDin
793,ZvHCmj
794,lrnaOg
795,aDIwEf
796,mJQTms
797,NfuxNI
798,gVwBtf
799,ZJahWN
800,OXobyJ
801,yZeyDG
802,gnOUmn
803,FrYRVm
804,PrRCsk
805,cXUZDx
806,CYvkYY
807,WBtIUc
808,nhzuEE
809,HZsXEX
810,MkSCxg
811,gjvMxg
812,vfymjd
813,bpPhbM
814,fAbphB
815,VwIcWA
816,hzzlsw
817,TSAuGa
818,kWeEbq
819,POgkRX
820,baSwxV
821,ArSrbp
822,AHuNau
823,jCRTVx
824,zxhELf
825,cpzIdH
826,UZGJZg
827,VfDEUL
828,LpUGRH
829,SBxiIX
830,DzHmEI
831,ALiFDW
832,AHDPBW
833,wlgQmm
834,HAyJjz
835,CydYxk
836,GqIcrE
837,TFwnjb
838,hEChTR
839,RwJSmh
840,QjHDLV
841,mreHRe
842,JUvspI
843,XwnwQb
844,gYwKrP
845,fJiAgC
846,lqCSBt
847,MnXYAE
848,LFomte
849,gvcgPS
850,MmtOgJ
851,PcKPKY
852,DQiazs
853,MvBcqw
854,XquuzU
855,HZLmHK
856,cPCIKy
857,XdrfSG
858,XiVPHM
859,ecsCkB
860,mdhFAG
861,btuQFO
862,ECiJlc
863,QloXdt
864,xLzZwB
865,gRlsBO
866,ysEKDT
867,jmqZGa
868,HPVUiv
869,MrgBGT
870,NJyPSV
871,zZCCgZ
872,wdkpDs
873,NweJYn
874,MICrLF
875,SIOmQu
876,pXNvXY
877,kiojgV
878,AMSNYN
879,zDlXwn
880,POPaXm
881,aYgPVt
882,UTZBGm
883,eBkjPc
884,DtYpSa
885,ULgawV
886,pcEuVs
887,GyTJmd
888,HybmXf
889,TyPOzb
890,ugaWYy
891,uwPLTy
892,VSmhtM
893,ojNrwF
894,QUtjgf
895,ReDUna
896,aaEqgs
897,yzggcP
898,MeGnnJ
899,juAwsv
900,wXbZHx
901,nyxWBH
902,GMfnLH
903,fVCDdo
904,MOWMfq
905,PdavMs
906,qxRSTo
907,IVNhMq
908,OgSusJ
909,rxqQNr
910,MLpDmg
911,cIChBU
912,azeOIx
913,uOoUAh
914,PksCLH
915,UTSdsd
916,ntIwXj
917,StCgxz
918,LardNs
919,kayNgd
920,iltFVg
921,NHXodT
922,UGaxXM
923,TDoDZY
924,teLlkj
925,XHEcSk
926,kjRYhy
927,pliDgN
928,vhJEXv
929,JiijAU
930,gLWgxG
931,WEkeGk
932,oetudb
933,MbvysT
934,oiUFnl
935,DEtWKS
936,OVJMdi
937,AAsxxu
938,RUPOKu
939,lhyrrs
940,rXiitj
941,xRLvQY
942,lhVlyK
943,gYVGxA
944,OWLGqf
945,LHljyk
946,FbhnCD
947,wOPUcg
948,KDdsNp
949,mrzbli
950,BDJDXy
951,AUpTfX
952,MmIaAe
953,OHTMmE
954,KRXFmw
955,ForWJL
956,NoZrJQ
957,wZEsyI
958,LwViaN
959,AYBQZW
960,NERjvq
961,sDmtUE
962,HdydlZ
963,WvbEab
964,qMsFsq
965,xyALgT
966,AHArzI
967,pMXTgu
968,fFAmcG
969,PHsQvG
970,mMolrZ
971,TMeVPW
972,WrxSWw
973,UYsPJN
974,iRYONG
975,sNgaZV
976,nPBFae
977,znxBGV
978,UlBUux
979,zLkogp
980,hLIlxW
981,wNCuAu
982,dTKxCM
983,qeAvXI
984,dgRZMD
985,faQcKi
986,YhKKLK
987,qvxTBP
988,NNrglX
989,ffUecz
990,ovMnvU
991,XXhzJD
992,UhVZkr
993,Kttvut
994,rNZNXa
995,cQlOzj
996,NWABlW
997,pDwjAU
998,rEfDjw
999,JmMsNo
1000,WbmIzZ
